
insert into User_Emp(user_name, name, email_address, contact_no, date_of_birth, role, password)
 values('rajini', 'Rajini', 'rajini@gmail.com', 8794561231, '1968-08-01', 'Admin', '{bcrypt}$2a$10$CrYQ4MZGyFKcsRVdHzF.iu1lcFWHBcQx3i9faJj2I/KEwZ3ZNsflm');
insert into User_Emp( user_name, name, email_address, contact_no, date_of_birth, role, password)
 values('vinay', 'Vinay', 'vinay@gmail.com', 8794561232, '1987-12-19', 'Admin', '{bcrypt}$2a$10$CrYQ4MZGyFKcsRVdHzF.iu1lcFWHBcQx3i9faJj2I/KEwZ3ZNsflm');
insert into User_Emp(user_name, name, email_address, contact_no, date_of_birth, role, password)
 values('ramesh', 'Ramesh', 'ramesh@gmail.com', 8794561233, '1987-10-19', 'Admin', '{bcrypt}$2a$10$CrYQ4MZGyFKcsRVdHzF.iu1lcFWHBcQx3i9faJj2I/KEwZ3ZNsflm');
insert into User_Emp( user_name, name, email_address, contact_no, date_of_birth, role, password)
 values('harish', 'Harish', 'harish@gmail.com', 8794561234, '1987-12-19', 'Admin', '{bcrypt}$2a$10$CrYQ4MZGyFKcsRVdHzF.iu1lcFWHBcQx3i9faJj2I/KEwZ3ZNsflm');
insert into User_Emp(user_name, name, email_address, contact_no, date_of_birth, role, password)
 values('krisha', 'Hari Krishna', 'harikrishna@gmail.com', 8794561236, '1987-06-19', 'Admin', '{bcrypt}$2a$10$CrYQ4MZGyFKcsRVdHzF.iu1lcFWHBcQx3i9faJj2I/KEwZ3ZNsflm');
insert into User_Emp(user_name, name, email_address, contact_no, date_of_birth, role, password)
 values('ramraju', 'Ram', 'ram@gmail.com', 8794561239, '1987-06-19', 'Admin', '{bcrypt}$2a$10$CrYQ4MZGyFKcsRVdHzF.iu1lcFWHBcQx3i9faJj2I/KEwZ3ZNsflm');
insert into User_Emp(user_name, name, email_address, contact_no, date_of_birth, role, password)
 values('venkat', 'Venkat', 'venkat@gmail.com', 8794561230, '1978-07-27', 'Member', '{bcrypt}$2a$10$CrYQ4MZGyFKcsRVdHzF.iu1lcFWHBcQx3i9faJj2I/KEwZ3ZNsflm');
insert into User_Emp(user_name, name, email_address, contact_no, date_of_birth, role, password)
 values('rajesh', 'Rajesh', 'rajesh@gmail.com', 8794561235, '1987-06-19', 'Member', '{bcrypt}$2a$10$CrYQ4MZGyFKcsRVdHzF.iu1lcFWHBcQx3i9faJj2I/KEwZ3ZNsflm');
insert into User_Emp(user_name, name, email_address, contact_no, date_of_birth, role, password)
 values('ramani', 'Roja Ramani', 'ramani@gmail.com', 8894561236, '1987-06-19', 'Member', '{bcrypt}$2a$10$CrYQ4MZGyFKcsRVdHzF.iu1lcFWHBcQx3i9faJj2I/KEwZ3ZNsflm');
insert into User_Emp(user_name, name, email_address, contact_no, date_of_birth, role, password)
 values('poorna', 'Poorna Teja', 'poorna@gmail.com', 8794561237, '1987-06-19', 'Member', '{bcrypt}$2a$10$CrYQ4MZGyFKcsRVdHzF.iu1lcFWHBcQx3i9faJj2I/KEwZ3ZNsflm');
insert into User_Emp(user_name, name, email_address, contact_no, date_of_birth, role, password)
 values('subbaiah', 'Venkata Subbaiah', 'subbaiah@gmail.com', 8794561238, '1987-06-19', 'Member', '{bcrypt}$2a$10$CrYQ4MZGyFKcsRVdHzF.iu1lcFWHBcQx3i9faJj2I/KEwZ3ZNsflm');

insert into User_Emp(user_name, name, email_address, contact_no, date_of_birth, role, password)
 values('dhoni', 'M S Dhoni', 'dhoni@gmail.com', 8794561241, '1987-06-19', 'Admin', '{bcrypt}$2a$10$CrYQ4MZGyFKcsRVdHzF.iu1lcFWHBcQx3i9faJj2I/KEwZ3ZNsflm');



insert into project(project_id, project_description, project_start_date, project_end_date, project_manager_email_id, project_manager_name, project_name, remarks, status, tech_lead_email_id, tech_lead_name, team_name, team_size, tech_stack,user_name, project_owner) 
values('project1', 'As Bean Validation API is just a specification, it requires an implementation. So, for that, it uses Hibernate Validator. The Hibernate Validator is a fully compliant.', '2022-07-27', '2022-09-27', 'vinay@gmail.com', 'Vinay', 'project1', 'pending', 'Completed', 'ram@gmail.com', 'Ram', 'Team1', '3', 'stack1','vinay', 'vinay');
insert into project(project_id, project_description, project_start_date, project_end_date, project_manager_email_id, project_manager_name, project_name, remarks, status, tech_lead_email_id, tech_lead_name, team_name, team_size, tech_stack,user_name, project_owner) 
values('project2', 'TAs Bean Validation API is just a specification, it requires an implementation. So, for that, it uses Hibernate Validator. The Hibernate Validator is a fully compliant.', '2022-06-18', '2022-10-29', 'rajesh@gmail.com', 'Rajesh', 'project2', 'pending', 'To-Do', 'ram@gmail.com', 'Ram', 'Team2', '3', 'stack1','vinay','vinay');
insert into project(project_id, project_description, project_start_date, project_end_date, project_manager_email_id, project_manager_name, project_name, remarks, status, tech_lead_email_id, tech_lead_name, team_name, team_size, tech_stack,user_name, project_owner) 
values('project3', 'As Bean Validation API is just a specification, it requires an implementation. So, for that, it uses Hibernate Validator. The Hibernate Validator is a fully compliant.', '2022-07-27', '2022-10-29', 'rajini@gmail.com', 'Rajini', 'project3', 'pending', 'Ready-For-Test', 'ram@gmail.com', 'Ram', 'Team3', '3', 'stack1','rajini','rajini');

insert into project(project_id, project_description, project_start_date, project_end_date, project_manager_email_id, project_manager_name, project_name, remarks, status, tech_lead_email_id, tech_lead_name, team_name, team_size, tech_stack,user_name, project_owner) 
values('Cricket', 'As Bean Validation API is just a specification, it requires an implementation. So, for that, it uses Hibernate Validator. The Hibernate Validator is a fully compliant.', '2022-07-27', '2022-10-29', 'dhoni@gmail.com', 'M S Dhoni', 'cricket', 'pending', 'Ready-For-Test', 'dhoni@gmail.com', 'Dhoni', 'Pune', '1', 'stack ','dhoni','dhoni');


insert into story(story_id, assignee, assignment_date, assignee_email_id, project_id, remarks, status, story_description, story_title, target_date, project_id_name)
 values('story1', 'Rajan', '2022-07-27', 'rajan@gmail.com', 'project1', 'pending', 'In-Progress', 'As Bean Validation API is just a specification, it requires an implementation. So, for that, it uses Hibernate Validator. The Hibernate Validator is a fully compliant.', 'Story1', '2022-09-27', 'project1');
insert into story(story_id, assignee, assignment_date, assignee_email_id, project_id, remarks, status, story_description, story_title, target_date, project_id_name)
 values('story2', 'Hari Krishna', '2022-06-18', 'harikrishna@gmail.com', 'project2', 'testing at 40%', 'Ready-For-Test', 'As Bean Validation API is just a specification, it requires an implementation. So, for that, it uses Hibernate Validator. The Hibernate Validator is a fully compliant.', 'Story2', '2022-10-29', 'project2');
insert into story(story_id, assignee, assignment_date, assignee_email_id, project_id, remarks, status, story_description, story_title, target_date, project_id_name)
 values('story3', 'Rajan', '2022-07-27', 'rajan@gmail.com', 'project3', 'green', 'Completed', 'As Bean Validation API is just a specification, it requires an implementation. So, for that, it uses Hibernate Validator. The Hibernate Validator is a fully compliant.', 'Story3', '2022-09-07', 'project3');
insert into story(story_id, assignee, assignment_date, assignee_email_id, project_id, remarks, status, story_description, story_title, target_date, project_id_name)
 values('story4', 'Rajan', '2022-07-27', 'rajan@gmail.com', 'project3', 'green', 'To-Do', 'As Bean Validation API is just a specification, it requires an implementation. So, for that, it uses Hibernate Validator. The Hibernate Validator is a fully compliant.', 'Story4', '2022-09-07', 'project3');
insert into story(story_id, assignee, assignment_date, assignee_email_id, project_id, remarks, status, story_description, story_title, target_date, project_id_name)
 values('story5', 'Rajan', '2022-07-27', 'rajan@gmail.com', 'project3', 'green', 'Ready-For-Test', 'As Bean Validation API is just a specification, it requires an implementation. So, for that, it uses Hibernate Validator. The Hibernate Validator is a fully compliant.', 'Story5', '2022-09-07', 'project3');


insert into project(project_id, project_description, project_start_date, project_end_date, project_manager_email_id, project_manager_name, project_name, remarks, status, tech_lead_email_id, tech_lead_name, team_name, team_size, tech_stack,user_name, project_owner) 
values('Oculus', 'The word Oculus is often associated with an eye-like design, which makes it a great choice for a VR reality company.', '2021-09-27', '2022-11-29', 'rajini@gmail.com', 'Rajini', 'Oculus', 'pending', 'In-Progress', 'harish@gmail.com', 'Harish', 'Ireka', '7', 'Ireka','rajini','rajini');

insert into story(story_id, assignee, assignment_date, assignee_email_id, project_id, remarks, status, story_description, story_title, target_date, project_id_name)
 values('Houzz', 'Rajini', '2021-10-27', 'rajini@gmail.com', 'Oculus', 'green', 'Completed', 'The project was initially formed as a way to elevate the lack of online resources available for those wishing to renovate their houses and now is a billion-dollar company.', 'Houzz', '2022-01-07', 'Oculus');


